title,summary,description,url
"Walmart earnings, spending data, and more AI disruptions: What to watch this week",A holiday-shortened trading week and a continuing series of rolling AI sell-off greet investors in the week ahead.,,https://finance.yahoo.com/news/walmart-earnings-spending-data-and-more-ai-disruptions-what-to-watch-this-week-125712762.html
Is This 1 Huge Tailwind for Bitcoin Becoming a Headwind?,"When the winds change, it's easy to get disoriented or rattled.",,https://www.fool.com/investing/2026/02/16/is-this-1-huge-tailwind-for-bitcoin-becoming-a-hea/
"If I Could Only Buy and Hold a Single Stock, This Would Be It.",This one stock provides exposure to many other stocks representing multiple sectors.,,https://www.fool.com/investing/2026/02/16/if-i-could-only-buy-and-hold-a-single-stock-this-w/
Can Silver Reach $200 in 2026? The Answer Might Shock You.,History suggests 2026 could be a challenging year for silver investors.,,https://www.fool.com/investing/2026/02/16/can-silver-reach-200-in-2026-the-answer-shock-you/
"The AI Stock That Could Turn the Tables on the ""Magnificent Seven""",This company is seeing revenue climb in the double digits.,,https://www.fool.com/investing/2026/02/16/the-ai-stock-that-could-turn-the-tables-on-the-mag/
Should You Forget Palantir and Buy 2 Other Artificial Intelligence (AI) Stocks Right Now?,"Like Palantir, these two AI stocks are growing rapidly. Unlike Palantir, they aren't priced for perfection.",,https://www.fool.com/investing/2026/02/16/should-you-forget-palantir-and-buy-2-other-artific/
Should You Buy Evergy Stock Before Feb. 19?,This midwestern utility will be in the spotlight when it reports Q4 results later this week.,,https://www.fool.com/investing/2026/02/16/should-you-buy-evergy-stock-before-feb-19/
The Big Tech losers as AI fears wipe billions of dollars off valuations,Concerns over risks to Microsoft's AI business and growing competition from Google ‌and Anthropic have wiped roughly $613 billion off its market value.,,https://finance.yahoo.com/news/big-tech-stocks-lose-billions-093834534.html
Amazon Now Owns Shares of Wall Street's Hottest Quantum Computing Stock,"While this fourth-quarter purchase might seem like cause for celebration, investors would be wise to temper their expectations.",,https://www.fool.com/investing/2026/02/16/amazon-now-owns-wall-st-quantum-computing-stock/
